time,open,high,low,close
1512979200,3.7389491,3.7389491,3.7389491,3.7389491
1513065600,3.7389491,4.44806014,3.7389491,4.33847025
1513152000,4.33847025,4.58343588,4.33847025,4.48673892
1513238400,4.48673892,4.54475709,4.3835955,4.43516721
1513497600,4.43516721,4.83484797,4.43516721,4.69302577
1513584000,4.69302577,4.77038333,4.57698941,4.68013284
1513670400,4.68013284,5.14427824,4.65434698,4.92509847
1513756800,4.92509847,5.41502973,4.92509847,5.18295703
1513843200,5.18295703,5.64065597,5.18295703,5.37635095
1514102400,5.37635095,5.37635095,5.02824189,5.18940349
1514188800,5.18940349,5.35056509,5.15717117,5.24742167
1514275200,5.24742167,5.37635095,5.20229642,5.31188631
1514361600,5.31188631,5.35056509,5.15717117,5.26031459
1514448000,5.26031459,5.37635095,5.09270653,5.22163581
1514707200,5.22163581,5.38279741,5.15717117,5.35056509
1514880000,5.35056509,5.35701155,5.18940349,5.26031459
1514966400,5.26031459,5.67288829,5.26031459,5.39569034
1515052800,5.39569034,5.60842365,5.39569034,5.55040547
1515398400,5.55040547,5.58263779,5.44726205,5.54395901
1515484800,5.54395901,5.57619133,5.44726205,5.49238794
1515571200,5.49238794,5.57619133,5.42792266,5.48594083
1515657600,5.48594083,5.67288829,5.46015498,5.54395901
1515916800,5.54395901,5.80181757,5.54395901,5.64065597
1516003200,5.64065597,5.67288829,5.46015498,5.50528023
1516089600,5.50528023,5.6342095,5.46660144,5.51817315
1516176000,5.51817315,5.67933475,5.51817315,5.6342095
1516262400,5.6342095,6.05322966,5.61487011,5.82115696
1516521600,5.82115696,6.12414077,5.82115696,5.98231856
1516608000,5.98231856,6.5109286,5.98231856,6.33687408
1516694400,6.33687408,6.8332518,6.33687408,6.68498313
1516780800,6.68498313,6.9944134,6.54316092,6.78168009
1517126400,6.78168009,6.9235023,6.6720902,6.74300131
1517212800,6.74300131,6.96218108,6.72366191,6.90416291
1517299200,6.90416291,6.96218108,6.55605385,6.71076899
1517385600,6.71076899,6.71076899,6.12414077,6.52382153
1517472000,6.52382153,6.76878716,6.52382153,6.66564374
1517731200,6.66564374,6.66564374,6.349767,6.5109286
1517817600,6.5109286,6.63985788,6.5109286,6.62051849
1517904000,6.62051849,6.62051849,6.19505187,6.42712457
1517990400,6.42712457,6.80101948,6.42712457,6.65919727
1518076800,6.65919727,7.32318306,6.65919727,7.17491439
1518336000,7.17491439,7.28450428,6.90416291,7.11044975
1518422400,7.11044975,7.28450428,7.03309218,7.19425378
1518508800,7.19425378,7.54236284,7.09111036,7.38120124
1518595200,7.38120124,7.4778982,7.30384367,7.3876477
1518681600,7.3876477,8.03874056,7.38120124,7.71641736
1518940800,7.71641736,8.25147387,7.71641736,8.03874056
1519027200,8.03874056,8.21279509,7.77443554,7.92270421
1519113600,7.92270421,7.92270421,7.22003964,7.49079113
1519200000,7.49079113,7.49079113,6.96218108,7.14912854
1519286400,7.14912854,7.40054063,7.05243158,7.29739721
1519545600,7.29739721,7.40054063,7.12334268,7.22003964
1519632000,7.22003964,7.28450428,7.01375279,7.14268207
1519718400,7.14268207,7.4778982,7.14268207,7.35541538
1519804800,7.35541538,7.55525577,7.35541538,7.4778982
1519891200,7.4778982,7.4778982,6.73010838,6.82680534
1520150400,6.82680534,6.82680534,5.89851453,6.09835491
1520236800,6.09835491,6.48514275,5.99521149,6.22083773
1520323200,6.22083773,6.57539324,6.22083773,6.49158921
1520409600,6.49158921,6.56250032,6.25951651,6.42712457
1520496000,6.42712457,6.42712457,6.2079448,6.30464176
1520755200,6.30464176,6.41423164,6.18860541,6.25307005
1520841600,6.25307005,6.38844579,6.23373065,6.33042761
1520928000,6.33042761,6.50448214,6.2079448,6.31753468
1521014400,6.31753468,6.31753468,5.83404989,6.02099734
1521100800,6.02099734,6.02099734,5.82115696,5.87272867
1521360000,5.87272867,5.95008624,5.51172669,5.68578122
1521446400,5.68578122,6.01455088,5.51817315,5.77603171
1521532800,5.77603171,6.29819594,5.77603171,6.13703434
1521619200,6.13703434,6.28530236,5.93074685,6.07901552
1521705600,6.07901552,6.14992662,5.80826403,5.91785392
1521964800,5.91785392,5.91785392,5.73735293,5.7953711
1522051200,5.7953711,6.0467832,5.75669232,5.89851453
1522137600,5.89851453,6.04033673,5.89851453,5.96297917
1522224000,5.96297917,6.25951651,5.93074685,6.08546198
1522310400,6.08546198,6.43357104,6.08546198,6.31753468
1522569600,6.31753468,6.32398115,6.07256905,6.16926601
1522656000,6.16926601,6.92994876,6.16926601,6.65275081
1522742400,6.65275081,6.76878716,6.44646396,6.62051849
1522828800,6.62051849,7.0846639,6.60762556,6.82035887
1522915200,6.82035887,6.86548412,6.58183971,6.73655484
1523347200,6.73655484,6.76878716,6.54960739,6.65275081
1523433600,6.65275081,6.65919727,6.45935689,6.56894678
1523520000,6.56894678,6.7623407,6.42067811,6.54960739
1523779200,6.54960739,6.56250032,6.29819594,6.36265993
1523865600,6.36265993,6.68498313,6.29174883,6.47224982
1523952000,6.47224982,6.62696495,6.42067811,6.49158921
1524038400,6.49158921,6.78812655,6.39489225,6.63341142
1524124800,6.63341142,7.09111036,6.63341142,6.96218108
1524384000,6.96218108,7.21359318,6.91705583,7.09755682
1524470400,7.09755682,7.22003964,6.96862755,7.12978914
1524556800,7.12978914,7.13623561,6.91060937,7.00730633
1524729600,7.00730633,7.14912854,6.85259119,7.04598511
1524988800,7.04598511,7.04598511,6.85259119,6.93639523
1525075200,6.93639523,6.96862755,6.8332518,6.89126998
1525248000,6.89126998,7.40698709,6.85259119,7.18780732
1525334400,7.18780732,7.34896892,6.84614473,7.05243158
1525593600,7.05243158,7.0846639,6.88482351,6.92994876
1525680000,6.92994876,7.21359318,6.89771644,7.00730633
1525766400,7.00730633,7.00730633,6.8332518,6.89771644
1525852800,6.89771644,6.96218108,6.70432252,6.8332518
1525939200,6.8332518,7.02019926,6.59473264,6.80746595
1526198400,6.80746595,6.9944134,6.64630435,6.85903766
1526284800,6.85903766,6.85903766,6.54960739,6.67853667
1526371200,6.67853667,6.85259119,6.44646396,6.53671446
1526457600,6.53671446,6.60762556,6.44646396,6.49158921
1526544000,6.49158921,6.92994876,6.49158921,6.65919727
1526803200,6.65919727,7.07177097,6.63985788,6.86548412
1526889600,6.86548412,6.92994876,6.71721545,6.78812655
1526976000,6.78812655,6.82035887,6.58828617,6.67853667
1527062400,6.67853667,6.78168009,6.63985788,6.74944777
1527148800,6.74944777,6.91705583,6.74944777,6.78812655
1527408000,6.78812655,6.78812655,6.63985788,6.78812655
1527494400,6.78812655,6.8332518,6.6720902,6.76878716
1527580800,6.76878716,6.82035887,6.65919727,6.7623407
1527667200,6.7623407,6.7623407,6.52382153,6.60762556
1527753600,6.60762556,6.76878716,6.4400175,6.48514275
1528012800,6.48514275,6.63985788,6.48514275,6.57539324
1528099200,6.57539324,6.58183971,6.44646396,6.52382153
1528185600,6.52382153,6.6011791,6.28530236,6.4400175
1528272000,6.4400175,6.74944777,6.4400175,6.58828617
1528358400,6.58828617,6.63985788,6.47224982,6.58183971
1528617600,6.58183971,6.69787606,6.530268,6.61407203
1528704000,6.61407203,6.89771644,6.61407203,6.74300131
1528790400,6.74300131,7.09111036,6.74300131,7.00085986
1528876800,7.00085986,7.43277295,7.00085986,7.27805782
1528963200,7.27805782,7.41343356,7.155575,7.3167366
1529395200,7.3167366,7.54236284,7.19425378,7.3876477
1529481600,7.3876477,7.3876477,6.93639523,7.0653245
1529568000,7.0653245,7.41343356,7.0653245,7.34252245
1529827200,7.34252245,7.41343356,7.16202146,7.36830831
1529913600,7.36830831,7.41343356,7.20070025,7.36830831
1530000000,7.36830831,7.73575676,7.32318306,7.63261333
1530086400,7.63261333,7.69063151,7.51013052,7.60038101
1530172800,7.60038101,7.83245372,7.41343356,7.68418505
1530518400,7.68418505,7.68418505,7.2264861,7.30384367
1530604800,7.30384367,7.41343356,7.10400329,7.28450428
1530691200,7.28450428,7.36830831,7.12978914,7.20714671
1530777600,7.20714671,7.27161135,7.10400329,7.155575
1531036800,7.155575,7.20070025,6.97507401,7.09111036
1531123200,7.09111036,7.70352444,6.90416291,7.42632649
1531209600,7.42632649,7.60682748,7.41343356,7.54236284
1531296000,7.54236284,7.60682748,7.4778982,7.60682748
1531382400,7.60682748,7.60682748,7.22003964,7.43277295
1531641600,7.43277295,7.43277295,7.18136086,7.2264861
1531728000,7.2264861,7.43277295,7.2264861,7.3876477
1531814400,7.3876477,7.3876477,7.09111036,7.11689622
1531900800,7.11689622,7.22003964,7.11044975,7.14912854
1531987200,7.14912854,7.14912854,6.96218108,6.96218108
1532246400,6.96218108,7.09111036,6.8332518,6.91705583
1532419200,6.91705583,7.155575,6.80101948,6.91060937
1532505600,6.91060937,6.94284169,6.61407203,6.87193059
1532592000,6.87193059,7.09111036,6.52382153,6.91060937
1532851200,6.91060937,7.2458255,6.91060937,7.12978914
1532937600,7.12978914,7.12978914,6.96218108,7.07177097
1533024000,7.07177097,7.41988002,7.07177097,7.27161135
1533110400,7.27161135,7.40698709,7.22003964,7.29095074
1533196800,7.29095074,7.29095074,7.16846793,7.25227196
1533456000,7.25227196,7.40698709,7.2458255,7.27161135
1533542400,7.27161135,7.27161135,7.02664572,7.09111036
1533628800,7.09111036,7.155575,7.05887804,7.09111036
1533715200,7.09111036,7.09111036,7.02019926,7.05887804
1533801600,7.05887804,7.0846639,6.82680534,6.9235023
1534060800,6.9235023,7.0846639,6.86548412,6.9944134
1534147200,6.9944134,7.09111036,6.70432252,6.82035887
1534233600,6.82035887,6.89771644,6.76878716,6.79457302
1534320000,6.79457302,7.00730633,6.71721545,6.91705583
1534406400,6.91705583,7.02664572,6.83969827,6.97507401
1534665600,6.97507401,7.09111036,6.96218108,7.03953865
1535270400,7.03953865,7.18780732,6.89771644,7.09111036
1535356800,7.09111036,7.09111036,6.96862755,7.09111036
1535443200,7.09111036,7.09111036,6.89771644,6.98796694
1535529600,6.98796694,7.02664572,6.96218108,6.98796694
1535616000,6.98796694,6.98796694,6.8332518,6.92994876
1535875200,6.92994876,7.03953865,6.92994876,6.97507401
1535961600,6.97507401,6.97507401,6.8332518,6.96218108
1536048000,6.96218108,6.96218108,6.89771644,6.94284169
1536134400,6.94284169,6.96218108,6.84614473,6.96218108
1536220800,6.96218108,6.96218108,6.83969827,6.96218108
1536480000,6.96218108,6.96218108,6.8332518,6.83969827
1536566400,6.83969827,6.83969827,6.44646396,6.63341142
1536825600,6.52382153,6.52382153,6.14992662,6.33687408
1537084800,6.33687408,6.33687408,5.89206806,5.97587274
1537171200,5.97587274,5.97587274,5.73735293,5.7953711
1537257600,5.7953711,5.93074685,5.51172669,5.72446
1537344000,5.72446,5.80181757,5.15717117,5.27320752
1537430400,5.27320752,5.78892464,5.15717117,5.47949437
1537689600,5.47949437,5.99521149,5.47949437,5.8856216
1537776000,5.8856216,5.89851453,5.75669232,5.85983574
1537862400,5.85983574,5.87917514,5.80181757,5.82760342
1537948800,5.82760342,6.06612259,5.77603171,5.99521149
1538035200,5.99521149,6.09835491,5.85983574,5.98231856
1538294400,5.98231856,6.18215894,5.81471114,6.07256905
1538380800,6.07256905,6.07256905,5.80181757,6.07256905
1538467200,6.07256905,6.07256905,5.68578122,5.7953711
1538553600,5.7953711,6.04033673,5.76958525,5.82115696
1538640000,5.82115696,5.82115696,5.47949437,5.71801354
1538985600,5.71801354,5.73735293,5.20229642,5.26031459
1539072000,5.26031459,5.47304791,4.77038333,5.15717117
1539158400,5.15717117,5.34411863,4.99600957,5.27965399
1539244800,5.27965399,5.67288829,4.89931261,5.38924387
1539504000,5.38924387,5.85338928,5.38924387,5.78892464
1539590400,5.78892464,5.93074685,5.54395901,5.84694282
1539676800,5.84694282,6.27240944,5.71156707,6.1176943
1539763200,6.1176943,6.59473264,6.1176943,6.47224982
1539849600,6.47224982,6.47224982,6.12414077,6.3691064
1540108800,6.3691064,6.44646396,6.22728419,6.43357104
1540195200,6.43357104,6.44646396,6.27240944,6.4400175
1540281600,6.4400175,6.4400175,6.15637309,6.26596297
1540368000,6.26596297,6.42067811,6.17571248,6.29819594
1540454400,6.29819594,6.31753468,6.11124784,6.22083773
1540713600,6.22083773,6.3691064,6.04033673,6.09835491
1540800000,6.09835491,6.31753468,6.09835491,6.24017712
1540886400,6.24017712,6.37555286,6.20149833,6.31753468
1540972800,6.31753468,6.42712457,6.22083773,6.38199932
1541059200,6.38199932,6.4400175,6.25307005,6.33687408
1541318400,6.33687408,6.42712457,6.09190845,6.2079448
1541404800,6.2079448,6.31753468,6.1176943,6.18860541
1541491200,6.18860541,6.38199932,6.18860541,6.26596297
1541577600,6.26596297,6.38199932,6.16281955,6.25951651
1541664000,6.25951651,6.25951651,6.18860541,6.22083773
1541923200,6.22083773,6.31108822,6.16281955,6.23373065
1542009600,6.23373065,6.23373065,6.1176943,6.18215894
1542096000,6.18215894,6.60762556,6.12414077,6.44646396
1542182400,6.44646396,6.68498313,6.40778518,6.55605385
1542268800,6.55605385,6.57539324,6.44646396,6.50448214
1542528000,6.50448214,6.96218108,6.44646396,6.75589423
1542614400,6.75589423,6.82035887,6.58828617,6.72366191
1542873600,6.65275081,7.09111036,6.58828617,6.82680534
1543132800,6.82680534,6.96218108,6.57539324,6.66564374
1543219200,6.66564374,6.89126998,6.57539324,6.73010838
1543305600,6.73010838,6.73655484,6.61407203,6.67853667
1543392000,6.67853667,6.67853667,6.43357104,6.530268
1543478400,6.530268,6.70432252,6.47869628,6.62051849
1543737600,6.62051849,6.69787606,6.44646396,6.50448214
1543824000,6.50448214,6.57539324,6.38199932,6.49803568
1543910400,6.49803568,6.49803568,6.18860541,6.29174883
1543996800,6.29174883,6.4400175,6.22083773,6.30464176
1544083200,6.30464176,6.5109286,6.19505187,6.38199932
1544342400,6.38199932,6.38199932,6.25307005,6.38199932
1544428800,6.38199932,6.38199932,6.25307005,6.2788559
1544515200,6.2788559,6.40778518,6.22083773,6.37555286
1544601600,6.37555286,6.74944777,6.31753468,6.51737507
1544688000,6.51737507,6.67853667,6.39489225,6.5109286
1544947200,6.5109286,6.5109286,6.2788559,6.38844579
1545033600,6.38844579,6.50448214,6.31753468,6.4400175
1545120000,6.4400175,6.63985788,6.34332054,6.51737507
1545206400,6.51737507,6.76878716,6.5109286,6.68498313
1545292800,6.68498313,6.86548412,6.41423164,6.75589423
1545552000,6.75589423,6.75589423,6.44646396,6.62696495
1545638400,6.62696495,6.63985788,6.44646396,6.54316092
1545724800,6.54316092,6.54316092,6.349767,6.38199932
1545811200,6.38199932,6.61407203,6.349767,6.43357104
1545897600,6.43357104,6.57539324,6.31753468,6.39489225
1546156800,6.39489225,6.54316092,6.33042761,6.45291043
1546243200,6.45291043,6.58828617,6.37555286,6.54316092
1546416000,6.54316092,6.65919727,6.5109286,6.60762556
1546502400,6.60762556,6.71721545,6.56250032,6.65275081
1546761600,6.65275081,6.70432252,6.5109286,6.64630435
1546934400,6.64630435,6.70432252,6.57539324,6.64630435
1547020800,6.64630435,6.66564374,6.49803568,6.58828617
1547107200,6.58828617,6.70432252,6.58183971,6.68498313
1547366400,6.68498313,6.69142959,6.57539324,6.63341142
1547452800,6.63341142,6.8332518,6.63341142,6.73655484
1547539200,6.73655484,6.82680534,6.63985788,6.68498313
1547625600,6.68498313,6.76878716,6.68498313,6.74300131
1547712000,6.74300131,6.76878716,6.70432252,6.75589423
1547971200,6.75589423,6.78168009,6.61407203,6.74300131
1548057600,6.74300131,6.76878716,6.57539324,6.7623407
1548144000,6.7623407,6.7623407,6.61407203,6.73655484
1548230400,6.73655484,6.82680534,6.58828617,6.75589423
1548576000,6.75589423,7.18780732,6.6720902,7.01375279
1548662400,7.01375279,7.69063151,6.96218108,7.18780732
1548748800,7.18780732,7.54236284,7.18780732,7.40054063
1548835200,7.40054063,7.4778982,7.09755682,7.36186185
1548921600,7.36186185,7.4778982,7.16846793,7.29095074
1549180800,7.29095074,7.34252245,7.09111036,7.13623561
1549267200,7.13623561,7.28450428,7.09755682,7.18780732
1549353600,7.18780732,7.51013052,7.16846793,7.3876477
1549440000,7.3876477,7.42632649,7.22003964,7.27805782
1549526400,7.27805782,7.4778982,7.25871842,7.45855881
1549785600,7.45855881,7.45855881,7.28450428,7.33607599
1549872000,7.33607599,7.41343356,7.25227196,7.32318306
1549958400,7.32318306,7.32318306,7.0653245,7.12334268
1550044800,7.12334268,7.12334268,6.7623407,6.82680534
1550131200,6.82680534,6.92994876,6.70432252,6.78812655
1550390400,6.78812655,7.09111036,6.78812655,6.92994876
1550476800,6.92994876,7.09111036,6.91060937,7.02664572
1550563200,7.02664572,7.09111036,6.94284169,7.01375279
1550649600,7.01375279,8.47710011,7.01375279,8.03874056
1550736000,8.03874056,8.21924155,7.86468604,8.00006178
1550995200,8.00006178,8.04518703,7.8002214,7.961383
1551081600,7.961383,8.44486779,7.89047189,8.23213448
1551168000,8.23213448,8.47065365,8.15477691,8.27725973
1551254400,8.27725973,8.38040315,8.12899106,8.29015266
1551340800,8.29015266,8.31593851,8.12254459,8.24502741
1551600000,8.24502741,8.28370619,8.14833045,8.23213448
1551686400,8.23213448,8.70272635,8.1934557,8.48999304
1551772800,8.48999304,8.48999304,8.18700923,8.32238498
1551859200,8.32238498,8.38040315,8.02584764,8.13543752
1551945600,8.13543752,8.76719099,8.09031227,8.29015266
1552204800,8.29015266,8.38040315,8.18700923,8.34172437
1552291200,8.34172437,8.59958293,8.34172437,8.47065365
1552377600,8.47065365,8.53511829,8.1934557,8.36106376
1552464000,8.36106376,8.47710011,8.12254459,8.27081327
1552550400,8.27081327,8.48354658,8.09031227,8.36106376
1552809600,8.36106376,8.44486779,8.28370619,8.40618901
1552896000,8.40618901,8.40618901,8.12899106,8.24502741
1552982400,8.24502741,8.30949205,8.12254459,8.18700923
1553068800,8.18700923,8.37395669,8.06452642,8.28370619
1553155200,8.28370619,8.31593851,8.21924155,8.2643668
1553414400,8.2643668,8.2643668,8.18700923,8.22568802
1553500800,8.22568802,8.38040315,8.18700923,8.2643668
1553587200,8.2643668,8.33527791,8.12254459,8.23858095
1553673600,8.23858095,8.23858095,8.12254459,8.16766984
1553760000,8.16766984,8.25147387,8.09675874,8.1934557
1554019200,8.1934557,8.25147387,8.12254459,8.18056277
1554105600,8.18056277,8.18700923,8.12254459,8.18700923
1554192000,8.18700923,8.18700923,8.18056277,8.18700923
1554278400,8.18700923,8.31593851,8.18700923,8.30949205
1554364800,8.30949205,8.38040315,8.18700923,8.29659912
1554624000,8.29659912,8.29659912,8.22568802,8.24502741
1554710400,8.24502741,8.24502741,8.15477691,8.18700923
1554796800,8.18700923,8.18700923,8.06452642,8.14833045
1554883200,8.14833045,8.30949205,8.05807995,8.06452642
1554969600,8.06452642,8.09031227,8.00650824,8.08386581
1555228800,8.08386581,8.21924155,7.93559714,8.08386581
1555315200,8.08386581,8.18056277,7.92915068,7.95493653
1555401600,7.95493653,8.18700923,7.83890018,8.00650824
1555488000,8.00650824,8.18056277,8.00650824,8.05807995
1555574400,8.05807995,8.25147387,8.05807995,8.1934557
1555833600,8.1934557,8.1934557,8.07741935,8.18700923
1555920000,8.18700923,8.25147387,8.15477691,8.18700923
1556006400,8.18700923,8.21924155,8.05807995,8.05807995
1556092800,8.05807995,8.25147387,8.05807995,8.23213448
1556611200,8.23213448,8.34817083,7.95493653,8.18700923
1556784000,8.18700923,8.18700923,7.81956079,7.97427592
1557043200,7.97427592,7.98716885,7.62616687,7.94849007
1557129600,7.94849007,7.94849007,7.41343356,7.72931029
1557216000,7.72931029,7.88402543,7.60682748,7.66484565
1557302400,7.66484565,7.83245372,7.51013052,7.58104162
1557388800,7.58104162,7.73575676,7.4778982,7.67773858
1557648000,7.67773858,7.74220322,7.62616687,7.73575676
1557734400,7.73575676,7.92915068,7.73575676,7.75509615
1557820800,7.75509615,7.92915068,7.74864968,7.90981128
1557907200,7.90981128,7.92915068,7.73575676,7.8711325
1557993600,7.8711325,7.8711325,7.56814869,7.81311432
1558252800,7.81311432,7.81311432,7.60682748,7.60682748
1558339200,7.60682748,7.61327394,7.44566588,7.57459516
1558425600,7.57459516,7.60682748,7.48434466,7.60682748
1558512000,7.60682748,7.70352444,7.4778982,7.59393455
1558598400,7.59393455,7.92915068,7.59393455,7.88402543
1558857600,7.88402543,7.89691836,7.73575676,7.89691836
1558944000,7.89691836,8.21924155,7.76798908,8.1032052
1559030400,8.1032052,8.1032052,7.8002214,7.92915068
1559116800,7.92915068,7.92915068,7.58104162,7.73575676
1559203200,7.73575676,7.73575676,7.67129212,7.73575676
1559462400,7.73575676,7.73575676,7.51013052,7.69063151
1559548800,7.69063151,7.961383,7.5488093,7.7099709
1560067200,7.7099709,7.7099709,7.57459516,7.7099709
1560153600,7.7099709,7.89691836,7.54236284,7.70352444
1560240000,7.70352444,7.70352444,7.5488093,7.68418505
1560326400,7.68418505,7.68418505,7.55525577,7.68418505
1560412800,7.68418505,7.68418505,7.48434466,7.66484565
1560672000,7.66484565,7.8002214,7.54236284,7.70352444
1560758400,7.70352444,7.74220322,7.40698709,7.47145173
1560844800,7.47145173,7.4778982,7.35541538,7.47145173
1560931200,7.47145173,7.51657698,7.09111036,7.3876477
1561017600,7.3876477,7.3876477,7.3167366,7.36186185
1561276800,7.36186185,7.4778982,7.34252245,7.39409417
1561363200,7.39409417,7.41343356,7.28450428,7.41343356
1561449600,7.41343356,7.51657698,7.41343356,7.4778982
1561536000,7.4778982,7.72286383,7.4778982,7.61972041
1561622400,7.61972041,7.89691836,7.54236284,7.76154261
1562054400,7.76154261,7.76154261,7.54236284,7.54236284
1562140800,7.54236284,7.65839919,7.54236284,7.54236284
1562227200,7.54236284,7.8002214,7.54236284,7.69707797
1562486400,7.69707797,7.83245372,7.54236284,7.75509615
1562572800,7.75509615,7.83245372,7.68418505,7.77443554
1562659200,7.77443554,7.77443554,7.48434466,7.6390598
1562745600,7.6390598,7.67129212,7.38120124,7.42632649
1562832000,7.42632649,7.42632649,7.09111036,7.20714671
1563091200,7.20714671,7.22003964,7.09755682,7.155575
1563177600,7.1530734,7.32146639,6.52342656,6.75771348
1563264000,6.75771348,6.91146427,6.58931975,6.80164228
1563350400,6.80164228,6.91878574,6.73574908,6.80896374
1563436800,6.80896374,6.84557108,6.80896374,6.81628521
1563696000,6.81628521,6.95539307,6.74307055,6.80896374
1563782400,6.80896374,7.00664334,6.80896374,6.88949988
1563955200,6.88949988,7.35075226,6.88949988,7.31414493
1564041600,7.31414493,7.9071837,7.31414493,7.74611144
1564300800,7.74611144,7.83396904,7.68753971,7.76075438
1564387200,7.76075438,7.76075438,7.61432505,7.68753971
1564473600,7.68753971,7.68753971,7.24825173,7.54843185
1564560000,7.54843185,7.54843185,7.43128839,7.50450305
1564646400,7.50450305,7.57771772,7.50450305,7.56307478
1564905600,7.56307478,7.56307478,7.32878786,7.40932399
1564992000,7.40932399,7.54111038,7.39468106,7.49718159
1565078400,7.49718159,7.79736171,7.49718159,7.74611144
1565164800,7.74611144,7.74611144,7.51182452,7.68753971
1565251200,7.68753971,7.68753971,7.36539519,7.65825385
1565769600,7.65825385,7.68021825,7.40932399,7.58503918
1565856000,7.58503918,7.58503918,7.34343079,7.42396692
1566115200,7.42396692,7.54111038,7.28485906,7.32146639
1566201600,7.38003812,7.38003812,7.24825173,7.29218053
1566288000,7.29218053,7.65093238,7.22628733,7.34343079
1566374400,7.34343079,7.61432505,7.34343079,7.50450305
1566460800,7.50450305,7.59236065,7.43128839,7.52646745
1566720000,7.52646745,7.60700358,7.33610933,7.49718159
1566806400,7.49718159,7.61432505,7.33610933,7.54111038
1566892800,7.54111038,7.54843185,7.46057425,7.51914598
1566979200,7.51914598,7.52646745,7.33610933,7.46789572
1567065600,7.46789572,7.56307478,7.46789572,7.50450305
1567324800,7.50450305,7.54111038,7.37271666,7.50450305
1567411200,7.50450305,7.71682558,7.46789572,7.62164651
1567497600,7.62164651,7.68753971,7.48253865,7.62164651
1567584000,7.62164651,7.62164651,7.40200252,7.48253865
1567670400,7.48253865,8.16343503,7.48253865,7.86325491
1567929600,7.86325491,8.04629157,7.68753971,7.92182664
1568016000,7.92182664,7.92182664,7.61432505,7.76807584
1568102400,7.76807584,7.81932611,7.63628945,7.70950411
1568188800,7.70950411,7.70950411,7.58503918,7.61432505
1568275200,7.61432505,7.61432505,7.46789572,7.51914598
1568534400,7.51914598,7.54111038,7.48986012,7.51182452
1568620800,7.51182452,7.72414704,7.40200252,7.57039625
1568707200,7.57039625,7.68753971,7.43860985,7.61432505
1568793600,7.61432505,7.61432505,7.43128839,7.57771772
1568880000,7.57771772,7.57771772,7.43128839,7.48253865
1569139200,7.48253865,7.48253865,7.02860774,7.1018224
1569225600,7.1018224,7.32146639,6.95539307,7.04325067
1569312000,7.04325067,7.32146639,6.80896374,7.00664334
1569398400,7.00664334,7.24093026,7.00664334,7.13110827
1569484800,7.13110827,7.29218053,7.0359292,7.1677156
1569744000,7.1677156,7.57771772,7.1677156,7.38735959
1569830400,7.38735959,7.38735959,7.24825173,7.30682346
1569916800,7.30682346,7.43128839,7.2116444,7.33610933
1570003200,7.33610933,7.39468106,7.17503706,7.33610933
1570089600,7.33610933,7.39468106,7.17503706,7.30682346
1570435200,7.30682346,7.52646745,7.26289466,7.40200252
1570521600,7.40200252,7.40200252,7.30682346,7.39468106
1570608000,7.39468106,7.43128839,7.32146639,7.35075226
1570694400,7.35075226,7.39468106,7.32146639,7.35075226
1570953600,7.35075226,7.39468106,7.32146639,7.39468106
1571040000,7.39468106,7.39468106,7.19700146,7.39468106
1571126400,7.39468106,7.39468106,7.19700146,7.2116444
1571212800,7.2116444,7.32146639,7.17503706,7.20432293
1571299200,7.20432293,7.32146639,7.1237868,7.18235853
1571558400,7.18235853,7.18235853,7.1018224,7.1457512
1571644800,7.1457512,7.28485906,7.10914387,7.2116444
1571731200,7.2116444,7.29218053,7.2116444,7.2116444
1571817600,7.2116444,7.32146639,7.2116444,7.30682346
1571904000,7.30682346,7.39468106,7.28485906,7.35807372
1572163200,7.35807372,7.39468106,7.32146639,7.37271666
1572249600,7.37271666,7.38735959,7.1018224,7.1530734
1572336000,7.1530734,7.24825173,7.1530734,7.18968
1572422400,7.18968,7.2116444,7.1018224,7.10914387
1572508800,7.10914387,7.19700146,7.1018224,7.10914387
1572768000,7.10914387,7.17503706,7.10914387,7.16039413
1572854400,7.16039413,7.39468106,7.16039413,7.32878786
1572940800,7.32878786,7.50450305,7.17503706,7.38003812
1573027200,7.38003812,7.38003812,7.1018224,7.13110827
1573113600,7.13110827,7.17503706,7.1018224,7.13110827
1573459200,7.13110827,7.27753759,7.1018224,7.10914387
1573545600,7.10914387,7.1457512,7.05057214,7.1018224
1573632000,7.1018224,7.1018224,6.95539307,6.97003674
1573718400,6.97003674,7.20432293,6.92610721,7.1018224
1573977600,7.1018224,7.17503706,6.95539307,7.08717947
1574064000,7.08717947,7.13842973,7.02860774,7.09450093
1574150400,7.09450093,7.13842973,7.09450093,7.1018224
1574236800,7.1018224,7.17503706,7.1018224,7.10914387
1574323200,7.10914387,7.1677156,7.02860774,7.1018224
1574582400,7.1018224,7.1018224,6.98467894,7.1018224
1574668800,7.1018224,7.1018224,6.95539307,6.99932187
1574755200,6.99932187,7.02860774,6.95539307,6.99932187
1574841600,6.99932187,7.1677156,6.99932187,7.1018224
1574928000,7.1018224,7.17503706,6.97735747,7.02128627
1575187200,7.02128627,7.02128627,6.84557108,6.96271454
1575273600,6.96271454,6.96271454,6.72842761,6.74307055
1575360000,6.74307055,6.86753548,6.73574908,6.80896374
1575446400,6.80896374,7.06521507,6.80896374,6.86021401
1575532800,6.86021401,6.88217841,6.62592709,6.81628521
1575792000,6.81628521,6.81628521,6.81628521,6.81628521
1575878400,6.81628521,6.88217841,6.81628521,6.82360668
1575964800,6.82360668,6.82360668,6.72842761,6.73574908
1576051200,6.73574908,6.80896374,6.72842761,6.74307055
1576137600,6.74307055,6.74307055,6.64057002,6.70646322
1576396800,6.70646322,6.70646322,6.59664122,6.65521295
1576483200,6.65521295,7.31414493,6.65521295,6.93342867
1576569600,6.93342867,7.2116444,6.93342867,7.10914387
1576656000,7.10914387,7.10914387,6.95539307,6.9920004
1576742400,6.9920004,7.09450093,6.9920004,7.0139648
1577001600,7.0139648,7.0139648,6.88949988,6.94075014
1577088000,6.94075014,6.95539307,6.46485482,6.66253442
1577174400,6.66253442,6.66253442,6.05485344,6.28913963
1577260800,6.28913963,6.83824961,6.28913963,6.69182028
1577347200,6.69182028,6.86753548,6.69182028,6.83092814
1577606400,6.83092814,6.83824961,6.66253442,6.80164228
1577692800,6.80164228,7.02860774,6.73574908,6.91146427
1577779200,6.91146427,7.32146639,6.91146427,7.1530734
1577952000,7.1530734,7.1530734,6.93342867,7.06521507
1578211200,7.06521507,7.06521507,6.51610509,6.81628521
1578297600,6.81628521,6.93342867,6.66253442,6.77235641
1578470400,6.77235641,6.91878574,6.77235641,6.79432081
1578556800,6.79432081,6.83092814,6.77235641,6.80896374
1578816000,6.80896374,6.80896374,6.75039201,6.80164228
1578902400,6.80164228,6.80164228,6.58931975,6.59664122
1578988800,6.59664122,6.95539307,6.56735535,6.60396342
1579075200,6.60396342,6.62592709,6.55271242,6.61128415
1579161600,6.61128415,6.62592709,6.55271242,6.58931975
1579420800,6.58931975,6.59664122,6.51610509,6.57467682
1579507200,6.57467682,6.57467682,6.45021189,6.50146216
1579593600,6.50146216,6.51610509,6.44289043,6.45753336
1579680000,6.45753336,6.58931975,6.45753336,6.53806949
1579766400,6.53806949,6.57467682,6.48681922,6.56003389
1580025600,6.56003389,6.56003389,6.46485482,6.51610509
1580112000,6.51610509,6.58931975,6.44289043,6.52342656
1580198400,6.52342656,6.52342656,6.2964611,6.42824749
1580284800,6.42824749,6.51610509,6.2744967,6.31110403
1580371200,6.31110403,6.31110403,6.22324643,6.24521083
1580630400,6.24521083,6.44289043,6.2378901,6.34771136
1580716800,6.34771136,6.34771136,6.1646747,6.24521083
1580803200,6.24521083,6.24521083,6.17199617,6.22324643
1580889600,6.22324643,6.22324643,6.07681711,6.1207459
1580976000,6.1207459,6.25985377,6.1207459,6.22324643
1581235200,6.22324643,6.44289043,6.22324643,6.38431869
1581321600,6.38431869,6.53806949,6.3184255,6.50146216
1581408000,6.50146216,6.50878362,6.22324643,6.33306843
1581494400,6.33306843,6.33306843,6.17199617,6.2378901
1581580800,6.2378901,6.2964611,6.1207459,6.15735324
1581840000,6.15735324,6.22324643,6.08413857,6.11342444
1581926400,6.11342444,6.25985377,6.11342444,6.15003177
1582012800,6.15003177,6.51610509,6.15003177,6.3403899
1582099200,6.3403899,6.50878362,6.30378256,6.42092676
1582185600,6.42092676,6.42092676,6.30378256,6.36235429
1582444800,6.36235429,6.43556896,6.33306843,6.40628309
1582531200,6.40628309,6.40628309,6.15003177,6.24521083
1582617600,6.24521083,6.24521083,6.15003177,6.22324643
1582704000,6.22324643,6.22324643,6.15003177,6.1646747
1582790400,6.1646747,6.1866391,6.06949564,6.1427103
1583049600,6.1427103,6.1427103,5.78395845,5.89378045
1583136000,5.89378045,6.11342444,5.87913751,6.06949564
1583222400,6.06949564,6.06949564,5.93038778,6.04020977
1583308800,6.04020977,6.06217417,5.89378045,5.89378045
1583395200,5.89378045,6.00360244,5.89378045,5.89378045
1583654400,5.89378045,5.89378045,5.56431446,5.80592285
1583740800,5.80592285,5.80592285,5.227527,5.227527
1583827200,5.227527,5.41788513,5.12502647,5.27877727
1583913600,5.27877727,5.63020766,5.27877727,5.4032422
1584259200,5.4032422,5.4032422,4.93466835,5.12502647
1584345600,5.12502647,5.26413434,4.90538248,5.11770501
1584432000,5.11770501,5.30074167,4.90538248,5.03716888
1584518400,5.03716888,5.03716888,4.53930916,4.86877515
1584604800,4.86877515,5.30074167,4.38555837,5.10306208
1584864000,5.10306208,5.2714558,5.10306208,5.21288407
1584950400,5.21288407,5.73270819,5.21288407,5.447171
1585036800,5.447171,5.74735112,5.447171,5.71806525
1585123200,5.71806525,5.85717311,5.63752912,5.75467258
1585209600,5.75467258,5.93038778,5.75467258,5.87181678
1585468800,5.87181678,5.92306631,5.34467047,5.80592285
1585555200,5.80592285,5.89378045,5.52770713,5.85717311
1585641600,5.85717311,5.94503071,5.71806525,5.84985165
1585728000,5.84985165,5.84985165,5.41788513,5.54967153
1585814400,5.54967153,5.76931552,5.54967153,5.57895739
1586073600,5.57895739,5.73270819,5.57895739,5.63752912
1586160000,5.63752912,5.80592285,5.63752912,5.71074379
1586246400,5.71074379,5.80592285,5.67413645,5.71074379
1586332800,5.71074379,5.82056578,5.56431446,5.68877939
1586419200,5.68877939,5.74735112,5.4691354,5.50574273
1586678400,5.50574273,5.53502859,5.39592073,5.45449246
1586764800,5.45449246,5.63020766,5.3812778,5.49109979
1586851200,5.49109979,5.74735112,5.41788513,5.63020766
1586937600,5.63020766,5.76931552,5.63020766,5.68877939
1587024000,5.68877939,5.74735112,5.49109979,5.56431446
1587456000,5.56431446,5.71074379,5.51306419,5.60824326
1587542400,5.60824326,5.66681499,5.54967153,5.59360032
1587628800,5.59360032,5.85717311,5.59360032,5.75467258
1587888000,5.75467258,6.06949564,5.75467258,5.95967364
1587974400,5.95967364,6.06949564,5.85717311,5.88645898
1588060800,5.88645898,6.20128203,5.88645898,6.0987815
1588147200,6.0987815,6.22324643,6.0987815,6.1427103
1588233600,6.1427103,6.26717523,6.10610297,6.20128203
1588492800,6.20128203,6.20128203,5.85717311,5.95967364
1588579200,5.95967364,6.1427103,5.93038778,5.94503071
1588665600,5.94503071,6.21592497,5.94503071,6.10610297
1588752000,6.10610297,6.33306843,5.87181678,6.25985377
1588838400,6.25985377,6.25985377,6.06217417,6.0987815
1589097600,6.0987815,6.3403899,6.0987815,6.24521083
1589184000,6.24521083,6.58931975,6.24521083,6.44289043
1589270400,6.44289043,6.51610509,6.36967576,6.44289043
1589356800,6.44289043,6.69914175,6.36967576,6.52342656
1589443200,6.52342656,6.77235641,6.52342656,6.59664122
1589702400,6.59664122,6.59664122,6.40628309,6.53806949
1589788800,6.53806949,6.59664122,6.41360456,6.51610509
1589875200,6.51610509,6.54539095,6.40628309,6.44289043
1589961600,6.44289043,6.44289043,6.09146004,6.2744967
1590048000,6.2744967,6.44289043,6.22324643,6.3403899
1590912000,6.3403899,6.58931975,6.3403899,6.55271242
1590998400,6.55271242,6.55271242,6.44289043,6.51610509
1591084800,6.51610509,6.51610509,6.3184255,6.39164016
1591171200,6.39164016,6.44289043,6.33306843,6.37699723
1591257600,6.37699723,6.51610509,6.37699723,6.47949776
1591516800,6.47949776,6.55271242,6.41360456,6.45753336
1591603200,6.45753336,6.45753336,6.33306843,6.37699723
1591689600,6.37699723,6.43556896,6.22324643,6.2964611
1591776000,6.2964611,6.44289043,6.22324643,6.30378256
1591862400,6.30378256,6.38431869,6.22324643,6.28913963
1592121600,6.28913963,6.33306843,6.22324643,6.25985377
1592208000,6.25985377,6.26717523,6.22324643,6.22324643
1592294400,6.22324643,6.34771136,6.07681711,6.2086035
1592380800,6.2086035,6.47217629,6.15003177,6.2964611
1592467200,6.2964611,6.47217629,6.22324643,6.32574696
1592726400,6.32574696,6.48681922,6.30378256,6.39896163
1592812800,6.39896163,6.50878362,6.2964611,6.37699723
1592899200,6.37699723,6.42824749,6.30378256,6.36967576
1592985600,6.36967576,6.51610509,6.2378901,6.44289043
1593072000,6.44289043,6.50878362,6.30378256,6.39164016
1593331200,6.39164016,6.74307055,6.37699723,6.64789148
1593417600,6.64789148,6.77967788,6.61128415,6.70646322
1593504000,6.70646322,6.70646322,6.60396342,6.67717735
1593936000,6.67717735,6.77235641,6.58931975,6.59664122
1594022400,6.59664122,6.74307055,6.48681922,6.64789148
1594108800,6.64789148,6.64789148,6.44289043,6.54539095
1594195200,6.54539095,6.58931975,6.40628309,6.52342656
1594281600,6.52342656,6.66253442,6.22324643,6.35503283
1594540800,6.35503283,6.50878362,6.35503283,6.38431869
1594627200,6.38431869,6.51610509,6.22324643,6.35503283
1594713600,6.35503283,6.35503283,6.17931764,6.2305679
1594800000,6.2305679,6.2305679,6.11342444,6.15003177
1594886400,6.15003177,6.36967576,6.09146004,6.1646747
1595145600,6.1646747,6.22324643,5.86449458,6.15003177
1595232000,6.15003177,6.2964611,6.09146004,6.15003177
1595318400,6.15003177,6.15003177,5.82056578,5.91574484
1595404800,5.91574484,5.91574484,5.52770713,5.65949352
1595750400,5.65949352,5.98895951,5.60824326,5.80592285
1595836800,5.80592285,5.84253018,5.49842126,5.60824326
1595923200,5.60824326,5.91574484,5.60824326,5.79127992
1596009600,5.79127992,6.04020977,5.79127992,5.90842338
1596528000,5.90842338,6.04753124,5.90842338,6.00360244
1596614400,6.00360244,6.06949564,5.93038778,5.98895951
1596700800,5.98895951,5.98895951,5.80592285,5.91574484
1596960000,5.91574484,5.96699511,5.82056578,5.90110191
1597046400,5.90110191,5.96699511,5.78395845,5.84985165
1597132800,5.84985165,6.00360244,5.82788725,5.95235218
1597219200,5.95235218,6.00360244,5.87913751,5.93770924
1597305600,5.93770924,5.93770924,5.78395845,5.79860138
1597564800,5.79860138,5.83520871,5.60092179,5.65949352
1597651200,5.65949352,5.74002965,5.49109979,5.66681499
1597737600,5.66681499,5.76931552,5.65217205,5.71074379
1597824000,5.71074379,5.71806525,5.63752912,5.68877939
1598169600,5.68877939,5.81324432,5.66681499,5.72538672
1598256000,5.72538672,5.84985165,5.68145792,5.73270819
1598342400,5.73270819,5.82056578,5.64485059,5.76199405
1598428800,5.76199405,5.82056578,5.68145792,5.73270819
1598515200,5.73270819,5.74002965,5.59360032,5.65217205
1598774400,5.65217205,5.69610085,5.54235006,5.58627886
1598860800,5.58627886,5.69610085,5.50574273,5.57895739
1598947200,5.57895739,5.63020766,5.4691354,5.49842126
1599033600,5.49842126,5.61556472,5.47645686,5.52770713
1599120000,5.52770713,5.60092179,5.49109979,5.52038566
1599379200,5.52038566,5.52770713,5.37395633,5.39592073
1599465600,5.39592073,5.52038566,5.35199193,5.41788513
1599552000,5.41788513,5.41788513,5.30806313,5.35199193
1599638400,5.35199193,5.39592073,5.2714558,5.37395633
1599724800,5.37395633,5.49109979,5.33002753,5.41788513
1599984000,5.43252806,5.45449246,5.34467047,5.3812778
1600070400,5.3812778,5.46181393,5.30806313,5.4032422
1600156800,5.4032422,5.45449246,5.3812778,5.41056366
1600243200,5.41056366,5.46181393,5.38859926,5.4252066
1600329600,5.4252066,5.52770713,5.41788513,5.48377833
1600588800,5.48377833,5.56431446,5.45449246,5.52770713
1600675200,5.52770713,5.58627886,5.23484847,5.35199193
1600761600,5.35199193,5.3593134,5.19824114,5.32270607
1600848000,5.32270607,5.34467047,5.19824114,5.2714558
1600934400,5.2714558,5.2714558,5.08841914,5.13966941
1601193600,5.13966941,5.27877727,5.04449034,5.11770501
1601280000,5.11770501,5.227527,5.03716888,5.11038354
1601366400,5.11038354,5.23484847,5.05181181,5.13966941
1601452800,5.13966941,5.41788513,5.12502647,5.337349
1601539200,5.34002637,5.54574167,5.14288254,5.3314549
1601798400,5.3314549,5.34859784,5.15145401,5.28002607
1601884800,5.28002607,5.28002607,5.05716783,5.11716813
1601971200,5.11716813,5.34859784,5.0657393,5.22002578
1602057600,5.22002578,5.28002607,5.15145401,5.22002578
1602403200,5.22002578,5.2714546,5.14288254,5.17716842
1602489600,5.17716842,5.22859725,5.14288254,5.16859695
1602576000,5.16859695,5.16859695,5.05716783,5.11716813
1602662400,5.11716813,5.22002578,5.11716813,5.17716842
1602748800,5.17716842,5.17716842,5.03145342,5.08288224
1603008000,5.08288224,5.08288224,5.03145342,5.05716783
1603094400,5.05716783,5.13431107,5.02288195,5.07431077
1603180800,5.07431077,5.11716813,5.01431048,5.08288224
1603267200,5.08288224,5.10859666,4.92859577,4.98859606
1603353600,4.98859606,5.22859725,4.94573871,5.08288224
1603612800,5.08288224,5.32288343,5.00573901,5.19431137
1603699200,5.19431137,5.40002667,5.19431137,5.34002637
1603785600,5.34002637,5.35716931,5.22859725,5.28859754
1603872000,5.28859754,5.28859754,5.11716813,5.15145401
1604217600,5.15145401,5.15145401,5.0657393,5.09145371
1604304000,5.09145371,5.10859666,4.98002459,5.04002489
1604390400,5.04002489,5.0657393,5.01431048,5.04859636
1604476800,5.04859636,5.14288254,5.04859636,5.0657393
1604563200,5.0657393,5.1257396,5.05716783,5.0657393
1604822400,5.0657393,5.29716902,5.0657393,5.24574019
1604908800,5.24574019,5.48574138,5.24574019,5.38288372
1604995200,5.38288372,5.5371702,5.35716931,5.46002696
1605081600,5.46002696,5.46002696,5.35716931,5.40002667
1605168000,5.40002667,5.46859843,5.3914552,5.42574108
1605427200,5.42574108,5.56288461,5.42574108,5.48574138
1605513600,5.48574138,5.48574138,5.14288254,5.26288313
1605600000,5.26288313,5.3314549,5.22859725,5.2714546
1605686400,5.2714546,5.30574049,5.05716783,5.15145401
1605772800,5.15145401,5.15145401,4.860024,4.94573871
1606032000,4.94573871,5.0657393,4.92859577,5.01431048
1606118400,5.01431048,5.10002519,4.93716724,5.02288195
1606204800,5.02288195,5.02288195,4.89430988,4.94573871
1606291200,4.94573871,4.97145312,4.62859429,4.76573782
1606377600,4.76573782,4.85145253,4.62859429,4.71430899
1606636800,4.71430899,4.79145223,4.71430899,4.73145194
1606723200,4.73145194,4.82573812,4.73145194,4.8000237
1606809600,4.8000237,4.8000237,4.71430899,4.74002341
1606896000,4.74002341,4.77430929,4.62859429,4.67145164
1606982400,4.67145164,4.68002311,4.60287987,4.62859429
1607241600,4.62859429,4.67145164,4.48287928,4.53430811
1607328000,4.53430811,4.53430811,4.41430751,4.45716487
1607414400,4.45716487,4.66288017,4.41430751,4.53430811
1607500800,4.53430811,4.60287987,4.4485934,4.49145075
1607587200,4.49145075,4.50002222,4.38002163,4.44002193
1607846400,4.44002193,4.4485934,4.36287869,4.39716457
1607932800,4.39716457,4.83430959,4.39716457,4.66288017
1608019200,4.66288017,4.76573782,4.63716576,4.69716605
1608105600,4.69716605,4.70573752,4.5943084,4.64573723
1608192000,4.64573723,4.64573723,4.56002252,4.58573693
1608451200,4.58573693,4.68002311,4.57716546,4.62859429
1608537600,4.62859429,4.62859429,4.16573486,4.3885931
1608624000,4.3885931,4.60287987,4.35430722,4.49145075
1608710400,4.49145075,4.57716546,4.39716457,4.44002193
1608796800,4.44002193,4.53430811,4.42287898,4.45716487
1609056000,4.45716487,4.49145075,4.39716457,4.43145046
1609142400,4.43145046,4.48287928,4.41430751,4.44002193
1609228800,4.44002193,4.47430781,4.41430751,4.4485934
1609315200,4.4485934,4.51716516,4.4485934,4.49145075
1609401600,4.49145075,4.50002222,4.28573545,4.36287869
1609660800,4.36287869,4.39716457,4.33716428,4.37145016
1609747200,4.37145016,4.42287898,4.33716428,4.38002163
1609833600,4.38002163,4.38002163,4.30287839,4.35430722
1609920000,4.35430722,4.39716457,4.31144986,4.36287869
1610265600,4.36287869,4.41430751,4.28573545,4.33716428
1610352000,4.33716428,4.36287869,4.20002074,4.27716398
1610438400,4.27716398,4.34573575,4.20002074,4.27716398
1610524800,4.27716398,4.34573575,4.22573515,4.28573545
1610611200,4.28573545,4.39716457,4.2428781,4.31144986
1610870400,4.31144986,4.5943084,4.31144986,4.50859369
1610956800,4.50859369,4.58573693,4.44002193,4.50002222
1611043200,4.50002222,4.55145105,4.4485934,4.51716516
1611129600,4.51716516,4.62859429,4.51716516,4.57716546
1611216000,4.57716546,4.57716546,4.45716487,4.50002222
1611475200,4.50002222,4.52573663,4.42287898,4.45716487
1611561600,4.45716487,4.47430781,4.36287869,4.41430751
1611648000,4.41430751,4.42287898,4.37145016,4.39716457
1611734400,4.39716457,4.44002193,4.38002163,4.41430751
1612080000,4.41430751,4.50859369,4.3885931,4.46573634
1612166400,4.46573634,4.50859369,4.40573604,4.45716487
1612252800,4.45716487,4.50002222,4.42287898,4.45716487
1612339200,4.45716487,4.49145075,4.40573604,4.4485934
1612425600,4.4485934,4.49145075,4.37145016,4.43145046
1612684800,4.43145046,4.46573634,4.3885931,4.42287898
1612771200,4.42287898,4.44002193,4.26859251,4.3285928
1612857600,4.3285928,4.33716428,4.25144957,4.29430692
1612944000,4.29430692,4.38002163,4.29430692,4.33716428
1613030400,4.33716428,4.4485934,4.32002133,4.38002163
1613289600,4.38002163,4.4485934,4.32002133,4.40573604
1613376000,4.40573604,4.45716487,4.32002133,4.40573604
1613462400,4.40573604,4.63716576,4.39716457,4.56002252
1613548800,4.56002252,4.56002252,4.41430751,4.47430781
1613635200,4.47430781,4.50002222,4.43145046,4.4485934
1613894400,4.4485934,4.66288017,4.4485934,4.58573693
1613980800,4.58573693,4.71430899,4.57716546,4.6543087
1614067200,4.6543087,4.6543087,4.45716487,4.53430811
1614153600,4.53430811,4.57716546,4.47430781,4.52573663
1614240000,4.52573663,4.70573752,4.52573663,4.62859429
1614499200,4.62859429,4.95431018,4.62859429,4.8000237
1614585600,4.8000237,4.85145253,4.63716576,4.71430899
1614672000,4.71430899,4.71430899,4.41430751,4.55145105
1614758400,4.55145105,4.55145105,4.33716428,4.42287898
1614844800,4.42287898,4.50002222,4.37145016,4.44002193
1615104000,4.44002193,4.52573663,4.42287898,4.45716487
1615190400,4.45716487,4.48287928,4.34573575,4.38002163
1615276800,4.38002163,4.42287898,4.32002133,4.37145016
1615363200,4.37145016,4.38002163,4.26859251,4.33716428
1615449600,4.33716428,4.42287898,4.28573545,4.34573575
1615708800,4.34573575,4.36287869,4.26859251,4.30287839
1615795200,4.30287839,4.32002133,3.90001926,4.16573486
1615881600,4.16573486,4.1828778,4.00287691,4.10573456
1615968000,4.10573456,4.1828778,3.93430514,4.00287691
1616054400,4.00287691,4.00287691,3.81430455,3.86573338
1616313600,3.86573338,3.90859073,3.60001778,3.68573249
1616400000,3.68573249,3.82287602,3.58287484,3.72001837
1616486400,3.72001837,3.89144779,3.48001719,3.66858954
1616572800,3.66858954,3.92573367,3.66858954,3.88287632
1616659200,3.88287632,4.02001985,3.78859014,3.90859073
1616918400,3.90859073,4.06287721,3.89144779,3.95144808
1617004800,3.95144808,3.9771625,3.8571619,3.90001926
1617091200,3.90001926,3.94287661,3.84859043,3.88287632
1617177600,3.88287632,3.88287632,3.74573278,3.78859014
1617264000,3.78859014,3.87430485,3.7714472,3.81430455
1617523200,3.81430455,3.84001896,3.60858925,3.67716102
1617609600,3.67716102,3.67716102,3.47144571,3.54001748
1617696000,3.54001748,3.60001778,3.49716013,3.54001748
1617782400,3.54001748,3.55716042,3.4457313,3.49716013
1617868800,3.49716013,3.54001748,3.48001719,3.51430307
1618128000,3.51430307,3.62573219,3.47144571,3.54858895
1618214400,3.54858895,3.62573219,3.52287454,3.55716042
1618300800,3.55716042,3.55716042,3.32573071,3.41144542
1618387200,3.41144542,3.41144542,3.10287247,3.21430159
1618473600,3.21430159,3.3000163,3.1800157,3.240016
1618732800,3.240016,3.32573071,3.22287306,3.26573041
1618819200,3.26573041,3.36858806,3.25715894,3.29144483
1618905600,3.29144483,3.42858836,3.29144483,3.39430248
1618992000,3.39430248,3.41144542,3.3000163,3.34287365
1619078400,3.34287365,3.36858806,3.29144483,3.31715924
1619337600,3.31715924,3.37715953,3.3000163,3.31715924
1619424000,3.31715924,3.33430218,3.27430188,3.3000163
1619510400,3.3000163,3.35144512,3.26573041,3.30858777
1619596800,3.30858777,3.30858777,3.240016,3.27430188
1620115200,3.27430188,3.31715924,3.23144453,3.28287335
1620201600,3.28287335,3.36001659,3.25715894,3.30858777
1620288000,3.30858777,3.33430218,3.28287335,3.30858777
1620547200,3.30858777,3.43715983,3.29144483,3.40287395
1620633600,3.40287395,3.5057316,3.40287395,3.47144571
1620720000,3.47144571,3.5057316,3.42858836,3.46287424
1621238400,3.46287424,3.58287484,3.38573101,3.47144571
1621324800,3.47144571,3.49716013,3.42001689,3.4457313
1621411200,3.4457313,3.5057316,3.37715953,3.43715983
1621497600,3.43715983,3.43715983,3.34287365,3.36858806
1621756800,3.36858806,3.45430277,3.36001659,3.40287395
1621843200,3.40287395,3.45430277,3.25715894,3.36001659
1621929600,3.36001659,3.36001659,3.21430159,3.26573041
1622016000,3.26573041,3.32573071,3.25715894,3.28287335
1622102400,3.28287335,3.34287365,3.18858717,3.27430188
1622361600,3.27430188,3.27430188,3.1800157,3.20573012
1622448000,3.20573012,3.24858747,3.06001511,3.12858688
1622534400,3.12858688,3.12858688,2.88001422,2.93144305
1622620800,2.93144305,3.21430159,2.84572834,3.04287217
1622707200,3.04287217,3.1800157,3.04287217,3.12001541
1622966400,3.12001541,3.23144453,3.10287247,3.17144423
1623052800,3.17144423,3.1800157,3.06001511,3.12001541
1623139200,3.12001541,3.13715835,3.00001481,3.06001511
1623225600,3.06001511,3.25715894,3.06001511,3.16287276
1623312000,3.16287276,3.33430218,3.14572982,3.26573041
1623571200,3.26573041,3.3000163,3.09430099,3.17144423
1623657600,3.17144423,3.17144423,3.08572952,3.12001541
1623744000,3.12001541,3.15430129,2.94001452,3.05144364
1623830400,3.05144364,3.06001511,2.95715746,3.00858629
1623916800,3.00858629,3.08572952,2.98287187,3.00858629
1624176000,3.00858629,3.02572923,2.96572893,2.99144334
1624262400,2.99144334,3.09430099,2.99144334,3.06001511
1624348800,3.06001511,3.14572982,3.05144364,3.09430099
1624435200,3.09430099,3.14572982,3.06858658,3.11144394
1624521600,3.11144394,3.240016,3.09430099,3.17144423
1624780800,3.17144423,3.27430188,3.17144423,3.240016
1624867200,3.240016,3.34287365,3.19715865,3.27430188
1624953600,3.27430188,3.31715924,3.14572982,3.24858747
1625040000,3.24858747,3.27430188,3.10287247,3.18858717
1625385600,3.18858717,3.24858747,3.1800157,3.22287306
1625472000,3.22287306,3.27430188,3.17144423,3.22287306
1625558400,3.22287306,3.22287306,3.11144394,3.13715835
1625644800,3.13715835,3.16287276,3.11144394,3.13715835
1625731200,3.13715835,3.17144423,3.07715805,3.10287247
1625990400,3.10287247,3.14572982,3.05144364,3.07715805
1626076800,3.07715805,3.12001541,3.06001511,3.09430099
1626163200,3.09430099,3.14572982,3.08572952,3.10287247
1626249600,3.10287247,3.17144423,3.10287247,3.15430129
1626336000,3.15430129,3.17144423,3.08572952,3.10287247
1626595200,3.10287247,3.24858747,3.06858658,3.18858717
1627200000,3.18858717,3.29144483,3.18858717,3.240016
1627286400,3.240016,3.24858747,3.17144423,3.18858717
1627372800,3.18858717,3.28287335,3.1800157,3.23144453
1627459200,3.23144453,3.37715953,3.21430159,3.32573071
1627545600,3.32573071,3.42001689,3.26573041,3.29144483
1627804800,3.29144483,3.51430307,3.25715894,3.39430248
1627891200,3.39430248,3.51430307,3.33430218,3.39430248
1627977600,3.39430248,3.40287395,3.29144483,3.35144512
1628064000,3.35144512,3.41144542,3.32573071,3.36858806
1628150400,3.36858806,3.47144571,3.34287365,3.42001689
1628409600,3.42001689,3.5057316,3.41144542,3.45430277
1628496000,3.45430277,3.55716042,3.42001689,3.49716013
1628582400,3.49716013,3.55716042,3.47144571,3.5057316
1628668800,3.5057316,3.58287484,3.42001689,3.48858866
1629014400,3.48858866,3.63430366,3.38573101,3.47144571
1629100800,3.47144571,3.47144571,3.36001659,3.41144542
1629187200,3.41144542,3.51430307,3.38573101,3.47144571
1629273600,3.47144571,3.51430307,3.4457313,3.47144571
1629360000,3.47144571,3.51430307,3.42858836,3.48001719
1629619200,3.48001719,3.48001719,3.33430218,3.37715953
1629705600,3.37715953,3.45430277,3.33430218,3.39430248
1629792000,3.39430248,3.64287513,3.39430248,3.56573189
1629878400,3.56573189,3.7714472,3.56573189,3.7114469
1629964800,3.7114469,3.72858984,3.55716042,3.64287513
1630224000,3.64287513,3.66858954,3.55716042,3.61716072
1630310400,3.61716072,3.68573249,3.53144601,3.59144631
1630396800,3.59144631,3.60001778,3.51430307,3.55716042
1630483200,3.55716042,3.64287513,3.52287454,3.60858925
1630569600,3.60858925,3.66858954,3.60001778,3.63430366
1630828800,3.63430366,3.64287513,3.51430307,3.52287454
1630915200,3.52287454,3.52287454,3.36858806,3.42001689
1631001600,3.42001689,3.43715983,3.36858806,3.40287395
1631088000,3.40287395,3.41144542,3.34287365,3.38573101
1631174400,3.38573101,3.42001689,3.34287365,3.36858806
1631433600,3.36858806,3.40287395,3.3000163,3.38573101
1631520000,3.38573101,3.41144542,3.38573101,3.39430248
1631606400,3.39430248,3.42001689,3.35144512,3.36858806
1631692800,3.36858806,3.41144542,3.25715894,3.25715894
1631779200,3.25715894,3.35144512,3.13715835,3.13715835
1632038400,3.13715835,3.17144423,3.09430099,3.10287247
1632124800,3.10287247,3.12001541,2.92287158,3.00001481
1632211200,3.00001481,3.00858629,2.80287098,2.87144275
1632297600,2.87144275,2.94001452,2.87144275,2.91430011
1632384000,2.91430011,2.94858599,2.90572863,2.93144305
1632643200,2.93144305,2.9743004,2.86287128,2.87144275
1632729600,2.87144275,2.90572863,2.83715687,2.84572834
1632816000,2.84572834,2.85429981,2.74287069,2.77715657
1632902400,2.77715657,2.80287098,2.66572745,2.7685851
1632988800,2.7685851,2.84572834,2.75144216,2.8285854
1633248000,2.8285854,2.91430011,2.74287069,2.74287069
1633334400,2.74287069,2.77715657,2.72572775,2.73429922
1633420800,2.73429922,2.82001393,2.73429922,2.78572804
1633507200,2.78572804,2.80287098,2.74287069,2.76001363
1633852800,2.76001363,2.78572804,2.75144216,2.7685851
1633939200,2.7685851,2.78572804,2.74287069,2.7685851
1634025600,2.7685851,2.84572834,2.75144216,2.8285854
1634112000,2.8285854,2.87144275,2.76001363,2.7685851
1634198400,2.7685851,2.80287098,2.72572775,2.74287069
1634457600,2.74287069,2.83715687,2.71715628,2.82001393
1634544000,2.82001393,3.05144364,2.81144246,2.90572863
1634630400,2.90572863,3.00001481,2.8285854,2.85429981
1634716800,2.85429981,2.87144275,2.5628698,2.7685851
1635062400,2.7685851,2.8285854,2.7085848,2.72572775
1635148800,2.72572775,2.76001363,2.58858421,2.66572745
1635235200,2.66572745,2.78572804,2.64001304,2.70001333
1635321600,2.70001333,2.77715657,2.57144127,2.59715568
1635408000,2.59715568,2.78572804,2.57144127,2.74287069
1635667200,2.74287069,2.83715687,2.74287069,2.7685851
1635753600,2.7685851,2.8285854,2.74287069,2.78572804
1635840000,2.78572804,2.82001393,2.69144186,2.7085848
1635926400,2.7085848,2.80287098,2.68287039,2.72572775
1636012800,2.72572775,2.7685851,2.66572745,2.7085848
1636272000,2.7085848,2.8285854,2.69144186,2.80287098
1636358400,2.80287098,2.92287158,2.80287098,2.89715716
1636444800,2.89715716,2.94001452,2.85429981,2.87144275
1636531200,2.87144275,2.90572863,2.76001363,2.78572804
1636617600,2.78572804,2.88858569,2.78572804,2.86287128
1636876800,2.86287128,2.92287158,2.86287128,2.89715716
1636963200,2.89715716,2.96572893,2.88001422,2.90572863
1637049600,2.90572863,2.94858599,2.84572834,2.89715716
1637136000,2.89715716,3.00001481,2.87144275,2.94001452
1637222400,2.94001452,2.98287187,2.89715716,2.93144305
1637481600,2.93144305,2.98287187,2.87144275,2.88858569
1637568000,2.88858569,2.93144305,2.84572834,2.90572863
1637654400,2.90572863,2.9743004,2.90572863,2.92287158
1637740800,2.92287158,2.98287187,2.88001422,2.96572893
1637827200,2.96572893,3.01715776,2.94858599,3.00858629
1638086400,3.00858629,3.00858629,2.93144305,2.96572893
1638172800,2.96572893,3.02572923,2.90572863,2.98287187
1638259200,2.98287187,3.06001511,2.93144305,3.06001511
1638345600,3.06001511,3.15430129,3.02572923,3.13715835
1638432000,3.13715835,3.13715835,3.08572952,3.12001541
1638691200,3.12001541,3.20573012,3.08572952,3.16287276
1638777600,3.16287276,3.21430159,3.10287247,3.14572982
1638864000,3.14572982,3.18858717,3.09430099,3.12858688
1638950400,3.12858688,3.15430129,3.06858658,3.09430099
1639036800,3.09430099,3.17144423,3.04287217,3.16287276
1639296000,3.16287276,3.24858747,3.10287247,3.18858717
1639382400,3.18858717,3.240016,3.17144423,3.21430159
1639468800,3.21430159,3.240016,3.15430129,3.17144423
1639555200,3.17144423,3.33430218,3.15430129,3.26573041
1639641600,3.26573041,3.42858836,3.26573041,3.39430248
1639900800,3.39430248,3.41144542,3.24858747,3.3000163
1639987200,3.3000163,3.35144512,3.240016,3.33430218
1640073600,3.33430218,3.47144571,3.30858777,3.38573101
1640160000,3.38573101,3.45430277,3.33430218,3.38573101
1640246400,3.38573101,3.48858866,3.38573101,3.42858836
1640505600,3.42858836,3.47144571,3.38573101,3.42001689
1640592000,3.42001689,3.42858836,3.38573101,3.41144542
1640678400,3.41144542,3.42858836,3.38573101,3.42001689
1640764800,3.42001689,3.46287424,3.40287395,3.43715983
1640851200,3.43715983,3.51430307,3.38573101,3.48858866
1641110400,3.48858866,3.49716013,3.40287395,3.42858836
1641196800,3.42858836,3.52287454,3.39430248,3.47144571
1641283200,3.47144571,3.49716013,3.42858836,3.46287424
1641369600,3.46287424,3.52287454,3.42858836,3.43715983
1641715200,3.43715983,3.47144571,3.38573101,3.38573101
1641801600,3.38573101,3.42858836,3.33430218,3.34287365
1641888000,3.34287365,3.40287395,3.25715894,3.3000163
1641974400,3.3000163,3.33430218,3.17144423,3.240016
1642060800,3.240016,3.240016,3.16287276,3.18858717
1642320000,3.18858717,3.18858717,3.10287247,3.17144423
1642406400,3.17144423,3.240016,3.17144423,3.22287306
1642492800,3.22287306,3.26573041,3.19715865,3.22287306
1642579200,3.22287306,3.25715894,3.17144423,3.18858717
1642665600,3.18858717,3.23144453,3.15430129,3.20573012
1642924800,3.20573012,3.23144453,3.15430129,3.17144423
1643011200,3.17144423,3.240016,3.17144423,3.1800157
1643097600,3.1800157,3.22287306,3.1800157,3.21430159
1643184000,3.21430159,3.240016,3.16287276,3.19715865
1643529600,3.19715865,3.22287306,3.19715865,3.21430159
1643616000,3.21430159,3.25715894,3.1800157,3.24858747
1643702400,3.24858747,3.27430188,3.21430159,3.23144453
1643788800,3.23144453,3.34287365,3.23144453,3.29144483
1643875200,3.29144483,3.33430218,3.26573041,3.26573041
1644134400,3.3000163,3.34287365,3.28287335,3.29144483
1644220800,3.29144483,3.33430218,3.1800157,3.18858717
1644307200,3.240016,3.29144483,3.1800157,3.20573012
1644393600,3.20573012,3.25715894,3.1800157,3.18858717
1644480000,3.18858717,3.25715894,3.17144423,3.21430159
1644739200,3.21430159,3.21430159,3.04287217,3.08572952
1644825600,3.08572952,3.10287247,2.95715746,3.08572952
1644912000,3.06858658,3.12858688,3.06858658,3.09430099
1644998400,3.10287247,3.13715835,3.04287217,3.04287217
1645084800,3.04287217,3.1800157,3.00858629,3.1800157
1645344000,3.11144394,3.16287276,3.04287217,3.04287217
1645430400,3.11144394,3.11144394,3.02572923,3.0343007
1645516800,3.04287217,3.04287217,2.89715716,2.91430011
1645603200,2.91430011,2.98287187,2.89715716,2.94001452
1645689600,2.94858599,2.94858599,2.71715628,2.76001363
1645948800,2.76001363,2.88001422,2.76001363,2.87144275
1646035200,2.87144275,2.94001452,2.8285854,2.83715687
1646121600,2.83715687,2.89715716,2.83715687,2.87144275
1646208000,2.87144275,2.89715716,2.82001393,2.8285854
1646294400,2.83715687,2.88858569,2.8285854,2.87144275
1646553600,2.87144275,2.88858569,2.73429922,2.76001363
1646640000,2.76001363,2.77715657,2.67429892,2.7085848
1646726400,2.7085848,2.74287069,2.65715598,2.68287039
1646812800,2.68287039,2.74287069,2.68287039,2.73429922
1646899200,2.70001333,2.74287069,2.70001333,2.7085848
1647158400,2.74287069,2.79429951,2.72572775,2.77715657
1647244800,2.77715657,2.77715657,2.60572715,2.63144157
1647331200,2.63144157,2.65715598,2.51144097,2.52858392
1647417600,2.52858392,2.65715598,2.47715509,2.53715539
1647504000,2.5028695,2.60572715,2.48572656,2.49429803
1647763200,2.49429803,2.58858421,2.49429803,2.58858421
1647849600,2.55429833,2.68287039,2.55429833,2.68287039
1647936000,2.68287039,2.7685851,2.57144127,2.64001304
1648022400,2.64001304,2.65715598,2.5628698,2.61429862
1648108800,2.58858421,2.7085848,2.57144127,2.61429862
1648368000,2.61429862,2.64858451,2.5628698,2.57144127
1648454400,2.57144127,2.57144127,2.42572626,2.44286921
1648540800,2.44286921,2.51144097,2.41715479,2.45144068
1648627200,2.45144068,2.49429803,2.43429774,2.44286921
1648713600,2.44286921,2.52001244,2.43429774,2.5028695
1648972800,2.5028695,2.5628698,2.49429803,2.54572686
1649059200,2.54572686,2.55429833,2.49429803,2.5028695
1649145600,2.51144097,2.52858392,2.45144068,2.48572656
1649232000,2.48572656,2.5028695,2.45144068,2.46001215
1649318400,2.46001215,2.47715509,2.3571545,2.36572597
1649577600,2.36572597,2.39144038,2.18572508,2.22858243
1649664000,2.22858243,2.24572538,2.14286772,2.1514392
1649750400,2.1514392,2.26286832,2.11715331,2.24572538
1649836800,2.24572538,2.27143979,2.18572508,2.18572508
1649923200,2.2371539,2.2371539,2.16001067,2.18572508
1650182400,2.18572508,2.21143949,2.0314386,2.10001037
1650268800,2.06572449,2.17715361,2.05715302,2.17715361
1650355200,2.14286772,2.22858243,2.14286772,2.19429655
1650441600,2.19429655,2.20286802,2.16858214,2.17715361
1650528000,2.17715361,2.2971542,2.17715361,2.27143979
1650960000,2.28001126,2.2971542,2.19429655,2.22858243
1651046400,2.22858243,2.27143979,2.20286802,2.22858243
1651132800,2.22858243,2.26286832,2.19429655,2.22858243
1651996800,2.22858243,2.22858243,2.17715361,2.19429655
1652083200,2.19429655,2.22001096,2.17715361,2.18572508
1652169600,2.18572508,2.18572508,2.13429625,2.1514392
1652256000,2.14286772,2.16001067,2.0914389,2.10858184
1652342400,2.10858184,2.10858184,2.04858154,2.05715302
1652601600,2.05715302,2.07429596,1.95429537,1.96286684
1652688000,1.96286684,1.98000978,1.8857236,1.92858095
1652774400,1.92858095,1.95429537,1.86000919,1.86858066
1652860800,1.86858066,1.98000978,1.86858066,1.92858095
1652947200,1.92858095,1.97143831,1.8857236,1.94572389
1653206400,1.94572389,1.99715272,1.94572389,1.95429537
1653292800,1.95429537,2.00572419,1.95429537,1.97143831
1653379200,1.97143831,1.98858125,1.81715183,1.83429477
1653465600,1.83429477,1.86000919,1.69715124,1.71429418
1653552000,1.71429418,1.74858006,1.67143683,1.71429418
1653811200,1.71429418,1.74858006,1.67143683,1.69715124
1653897600,1.69715124,1.73143712,1.67143683,1.6800083
1653984000,1.6800083,1.70572271,1.620008,1.620008
1654070400,1.62,1.66,1.54,1.55
1654156800,1.55,1.67,1.55,1.66
1654416000,1.66,1.695,1.64,1.67
1654502400,1.67,1.67,1.57,1.623
1654588800,1.623,1.64,1.62,1.629
1654675200,1.629,1.65,1.629,1.642
1654761600,1.642,1.695,1.642,1.677
1655020800,1.677,1.679,1.636,1.664
1655107200,1.664,1.664,1.578,1.586
1655193600,1.586,1.62,1.58,1.586
1655280000,1.586,1.603,1.582,1.592
1655366400,1.592,1.598,1.585,1.589
1655625600,1.589,1.6,1.561,1.587
1655712000,1.569,1.585,1.542,1.556
1655798400,1.556,1.58,1.55,1.569
1655884800,1.569,1.575,1.55,1.559
1655971200,1.559,1.559,1.523,1.523
1656230400,1.523,1.55,1.504,1.529
1656316800,1.529,1.538,1.502,1.509
1656403200,1.509,1.52,1.41,1.484
1656489600,1.456,1.488,1.45,1.47
1656835200,1.47,1.47,1.397,1.406
1656921600,1.406,1.406,1.18,1.19
1657008000,1.19,1.2,1.101,1.113
1657094400,1.113,1.15,1.101,1.129
1657180800,1.129,1.163,1.129,1.14
1658044800,1.14,1.176,1.136,1.152
1658131200,1.152,1.18,1.152,1.16
1658217600,1.16,1.168,1.15,1.161
1658304000,1.161,1.24,1.16,1.24
1658390400,1.24,1.44,1.24,1.375
1658649600,1.375,1.516,1.375,1.47
1658736000,1.47,1.582,1.44,1.58
1658822400,1.566,1.609,1.52,1.528
1658908800,1.528,1.584,1.479,1.53
1658995200,1.53,1.55,1.495,1.504
1659254400,1.504,1.58,1.504,1.541
1659340800,1.541,1.59,1.53,1.572
1659427200,1.572,1.69,1.565,1.683
1659513600,1.683,1.71,1.636,1.683
1659600000,1.683,1.81,1.674,1.769
1659859200,1.769,1.93,1.769,1.882
1659945600,1.882,1.907,1.761,1.79
1660032000,1.79,1.854,1.72,1.732
1660118400,1.732,1.795,1.71,1.745
1660204800,1.745,1.794,1.741,1.753
1660464000,1.753,1.78,1.671,1.69
1660550400,1.69,1.759,1.662,1.745
1660636800,1.705,1.817,1.705,1.744
1660723200,1.744,1.818,1.722,1.8
1660809600,1.8,1.888,1.8,1.857
1661068800,1.857,1.999,1.857,1.999
1661155200,1.999,2.038,1.921,1.951
1661241600,1.951,1.98,1.9,1.934
1661328000,1.934,1.949,1.895,1.919
1661414400,1.919,1.965,1.9,1.926
1661673600,1.926,2.05,1.905,2.05
1661760000,2.05,2.09,1.94,2
1661846400,2,2.029,1.945,1.998
1661932800,1.998,2.01,1.952,1.99
1662019200,1.99,1.994,1.89,1.949
1662278400,1.949,1.958,1.901,1.958
1662364800,1.958,2.02,1.954,2
1662451200,2,2.045,2,2.044
1662537600,2.044,2.044,2.004,2.04
1662624000,2.04,2.04,2.01,2.02
1662883200,2.02,2.03,1.96,2
1662969600,2,2.03,1.97,1.98
1663056000,1.98,2,1.97,1.99
1663142400,1.99,1.99,1.91,1.98
1663228800,1.98,1.98,1.93,1.97
1663488000,1.97,1.97,1.77,1.85
1663574400,1.85,1.881,1.71,1.881
1663660800,1.881,1.889,1.83,1.858
1663747200,1.858,1.869,1.831,1.835
1663833600,1.838,1.85,1.762,1.849
1664092800,1.849,1.849,1.79,1.829
1664179200,1.829,1.849,1.813,1.843
1664265600,1.843,1.879,1.831,1.838
1664352000,1.838,1.882,1.802,1.869
1664438400,1.869,1.9,1.861,1.87
1664697600,1.87,1.89,1.821,1.837
1664784000,1.837,1.85,1.782,1.836
1664870400,1.836,1.844,1.813,1.82
1664956800,1.82,1.83,1.783,1.8
1665302400,1.8,1.82,1.77,1.81
1665388800,1.81,1.82,1.756,1.785
1665475200,1.785,1.805,1.731,1.769
1665561600,1.769,1.778,1.716,1.745
1665648000,1.742,1.77,1.723,1.77
1665907200,1.77,1.799,1.751,1.786
1665993600,1.786,1.832,1.78,1.79
1666080000,1.79,1.81,1.77,1.78
1666166400,1.78,1.795,1.741,1.795
1666252800,1.778,1.795,1.762,1.777
1666512000,1.777,1.805,1.777,1.777
1666598400,1.781,1.788,1.731,1.74
1666684800,1.74,1.758,1.73,1.758
1666771200,1.758,1.8,1.758,1.778
1666857600,1.778,1.83,1.778,1.817
1667116800,1.817,1.849,1.792,1.817
1667203200,1.817,1.82,1.771,1.802
1667289600,1.802,1.85,1.792,1.833
1667376000,1.833,1.85,1.8,1.812
1667462400,1.812,1.812,1.775,1.779
1667721600,1.78100002,1.78999996,1.75100005,1.75399995
1667808000,1.754,1.775,1.746,1.749
1667894400,1.749,1.766,1.71,1.723
1667980800,1.723,1.723,1.68,1.701
1668067200,1.701,1.74,1.69,1.73
1668326400,1.73,1.76,1.73,1.73
1668412800,1.73,1.748,1.707,1.74
1668499200,1.74,1.785,1.73,1.784
1668585600,1.784,1.831,1.784,1.825
1668672000,1.825,1.874,1.801,1.85
1668931200,1.85,1.86,1.817,1.849
1669017600,1.849,1.849,1.788,1.83
1669104000,1.83,1.83,1.791,1.818
1669190400,1.818,1.82,1.782,1.799
1669276800,1.799,1.832,1.782,1.832
1669536000,1.832,1.975,1.83,1.975
1669622400,1.975,1.987,1.92,1.961
1669708800,1.961,2.009,1.93,1.989
1669795200,1.989,1.995,1.923,1.934
1669881600,1.944,1.97,1.932,1.932
1670140800,1.932,2.07,1.932,2.05
1670227200,2.05,2.099,2.02,2.03
1670313600,2.03,2.15,1.981,2.15
1670400000,2.15,2.238,2.15,2.161
1670486400,2.161,2.242,2.134,2.219
1670745600,2.22,2.27,2.17,2.19
1670832000,2.19,2.2,2.09,2.18
1670918400,2.18,2.37,2.18,2.3
1671004800,2.3,2.38,2.28,2.3
1671091200,2.3,2.4,2.27,2.29
1671350400,2.29,2.3,2.2,2.22
1671436800,2.22,2.24,2.14,2.22
1671523200,2.22,2.25,2.15,2.15
1671609600,2.15,2.16,2.03,2.08
1671696000,2.08,2.12,1.98,2.01
1671955200,2.01,2.01,1.88,1.9
1672041600,1.9,2,1.89,2
1672128000,2,2.1,2,2.06
1672214400,2.06,2.16,2.06,2.13
1672300800,2.13,2.21,2.13,2.16
1672646400,2.16,2.25,2.16,2.21
1672732800,2.21,2.26,2.17,2.2
1672819200,2.2,2.23,2.03,2.14
1672905600,2.14,2.19,2.1,2.12
1673251200,2.12,2.18,2.09,2.11
1673337600,2.11,2.14,1.96,1.99
1673424000,1.99,2.08,1.92,1.94
1673510400,1.94,1.98,1.86,1.92
1673769600,1.92,1.969,1.911,1.921
1673856000,1.921,1.969,1.92,1.944
1673942400,1.944,2.03,1.944,2.03
1674028800,2.03,2.05,1.98,1.991
1674115200,1.991,2.038,1.98,1.989
1674374400,1.989,2.024,1.986,1.989
1674460800,1.989,2,1.952,1.961
1674547200,1.961,1.98,1.932,1.938
1674633600,1.938,1.965,1.938,1.95
1674979200,1.946,1.963,1.932,1.954
1675065600,1.954,1.969,1.899,1.902
1675152000,1.902,1.919,1.78,1.8
1675238400,1.8,1.849,1.725,1.791
1675324800,1.791,1.839,1.721,1.733
1675584000,1.733,1.759,1.64,1.68
1675670400,1.68,1.74,1.68,1.698
1675756800,1.698,1.72,1.698,1.715
1675843200,1.713,1.74,1.691,1.7
1675929600,1.7,1.717,1.68,1.695
1676188800,1.695,1.695,1.657,1.665
1676275200,1.665,1.69,1.665,1.678
1676361600,1.678,1.789,1.678,1.774
1676448000,1.774,1.815,1.77,1.78
1676534400,1.78,1.802,1.751,1.766
1676793600,1.766,1.78,1.727,1.737
1676880000,1.737,1.748,1.695,1.704
1676966400,1.704,1.72,1.674,1.709
1677052800,1.709,1.737,1.675,1.695
1677139200,1.682,1.71,1.669,1.691
1677398400,1.691,1.72,1.68,1.697
1677484800,1.697,1.71,1.66,1.68
1677571200,1.68,1.727,1.673,1.694
1677657600,1.694,1.714,1.685,1.691
1677744000,1.691,1.707,1.682,1.687
1678003200,1.687,1.705,1.672,1.684
1678089600,1.684,1.696,1.67,1.673
1678176000,1.673,1.686,1.622,1.633
1678262400,1.633,1.635,1.545,1.555
1678348800,1.555,1.59,1.531,1.581
1678608000,1.581,1.587,1.515,1.521
1678694400,1.521,1.529,1.333,1.353
1678780800,1.353,1.365,1.297,1.347
1678867200,1.347,1.396,1.162,1.236
1678953600,1.236,1.29,1.16,1.25
1679212800,1.25,1.272,1.17,1.236
1679299200,1.236,1.33,1.23,1.311
1679385600,1.311,1.346,1.301,1.337
1679472000,1.337,1.372,1.32,1.33
1679558400,1.325,1.347,1.263,1.341
1679817600,1.341,1.428,1.341,1.42
1679904000,1.42,1.455,1.38,1.408
1679990400,1.392,1.41,1.362,1.389
1680076800,1.389,1.416,1.389,1.4
1680163200,1.398,1.429,1.364,1.367
1680422400,1.367,1.4,1.362,1.399
1680508800,1.398,1.49,1.39,1.483
1680595200,1.483,1.55,1.483,1.524
1680681600,1.524,1.57,1.502,1.515
1680768000,1.515,1.537,1.486,1.494
1681027200,1.494,1.508,1.454,1.492
1681113600,1.492,1.52,1.482,1.491
1681200000,1.491,1.51,1.483,1.491
1681286400,1.491,1.5,1.456,1.464
1681372800,1.464,1.477,1.45,1.454
1681804800,1.454,1.458,1.421,1.43
1681891200,1.43,1.448,1.428,1.432
1682496000,1.432,1.5,1.43,1.493
1682582400,1.493,1.637,1.493,1.629
1682838000,1.629,1.746,1.629,1.682
1682924400,1.682,1.747,1.6,1.649
1683010800,1.649,1.729,1.611,1.726
1683097200,1.726,1.847,1.726,1.836
1683442800,1.836,1.92,1.814,1.92
1683529200,1.92,1.952,1.872,1.875
1683615600,1.875,1.999,1.851,1.935
1683702000,1.935,2.086,1.921,2.08
1683788400,2.08,2.13,2.038,2.05
1684047600,2.05,2.06,1.98,2
1684134000,2,2.04,1.9,1.92
1684220400,1.92,2.13,1.87,2.13
1684306800,2.13,2.15,2.03,2.07
1684393200,2.07,2.18,2.03,2.18
1684652400,2.18,2.31,2.15,2.3
1684738800,2.3,2.3,2.18,2.2
1684825200,2.2,2.36,2.15,2.28
1684911600,2.28,2.31,2.14,2.16
1684998000,2.16,2.19,2.05,2.11
1685257200,2.11,2.24,2.08,2.22
1685343600,2.22,2.23,2.16,2.18
1685430000,2.18,2.25,2.15,2.15
1685516400,2.15,2.18,2.1,2.11
1685602800,2.11,2.28,2.11,2.21
1685862000,2.21,2.54,2.21,2.52
1685948400,2.52,2.57,2.41,2.42
1686034800,2.42,2.63,2.42,2.57
1686121200,2.57,2.74,2.52,2.54
1686207600,2.54,2.73,2.54,2.65
1686466800,2.65,2.75,2.56,2.58
1686553200,2.58,2.61,2.51,2.55
1686639600,2.54,2.61,2.53,2.57
1686726000,2.57,2.71,2.57,2.59
1686812400,2.59,2.65,2.52,2.55
1687071600,2.55,2.63,2.55,2.57
1687158000,2.57,2.63,2.49,2.51
1687244400,2.51,2.57,2.49,2.51
1687330800,2.51,2.55,2.41,2.41
1687417200,2.41,2.51,2.39,2.5
1687676400,2.5,2.63,2.5,2.51
1687762800,2.51,2.59,2.47,2.59
1688454000,2.59,2.65,2.56,2.57
1688540400,2.57,2.6,2.49,2.5
1688626800,2.5,2.53,2.38,2.4
1688886000,2.4,2.42,2.07,2.1
1688972400,2.1,2.27,2.06,2.26
1689058800,2.26,2.28,2.19,2.22
1689145200,2.22,2.25,2.13,2.17
1689231600,2.17,2.24,2.14,2.17
1689490800,2.17,2.27,2.17,2.24
1689577200,2.24,2.26,2.22,2.23
1689663600,2.23,2.33,2.23,2.32
1689750000,2.32,2.34,2.29,2.3
1690182000,2.3,2.32,2.23,2.23
1690268400,2.23,2.29,2.15,2.16
1690354800,2.16,2.19,2.15,2.16
1690441200,2.16,2.22,2.15,2.18
1690700400,2.18,2.21,2.11,2.12
1690786800,2.12,2.25,2.09,2.21
1690873200,2.21,2.24,2.15,2.17
1690959600,2.17,2.19,2.08,2.1
1691046000,2.1,2.12,2.06,2.12
1691305200,2.12,2.23,2.1,2.19
1691391600,2.19,2.25,2.19,2.22
1691478000,2.22,2.24,2.17,2.19
1691564400,2.19,2.23,2.17,2.17
1691650800,2.17,2.19,2.14,2.15
1691910000,2.15,2.18,2.15,2.16
1691996400,2.16,2.24,2.16,2.19
1692082800,2.19,2.21,2.16,2.16
1692169200,2.16,2.27,2.15,2.18
1692255600,2.18,2.22,2.15,2.17
1692514800,2.17,2.21,2.16,2.17
1692601200,2.17,2.19,2.1,2.13
1692687600,2.13,2.16,2.12,2.14
1692774000,2.14,2.16,2.07,2.08
1692860400,2.08,2.1,1.99,2.02
1693119600,2.02,2.08,2.02,2.05
1693206000,2.05,2.1,2.03,2.04
1693292400,2.04,2.13,2.04,2.12
1693378800,2.12,2.14,2.09,2.09
1693465200,2.09,2.11,2.07,2.09
1693724400,2.09,2.12,2.01,2.04
1693810800,2.04,2.05,2.02,2.03
1693897200,2.03,2.08,2.02,2.03
1693983600,2.03,2.06,2.02,2.03
1694070000,2.03,2.05,2.02,2.02
1694329200,2.02,2.06,2.02,2.06
1694415600,2.06,2.18,2.06,2.12
1694502000,2.12,2.15,2.07,2.09
1694588400,2.09,2.12,2.07,2.1
1694674800,2.1,2.12,2.08,2.09
1694934000,2.09,2.16,2.09,2.12
1695020400,2.12,2.16,2.1,2.11
1695106800,2.11,2.14,2.09,2.09
1695193200,2.09,2.11,2.03,2.07
1695279600,2.07,2.07,2.02,2.05
1695538800,2.05,2.07,2.02,2.02
1695625200,2.02,2.09,2.01,2.06
1695711600,2.06,2.09,2.01,2.02
1695798000,2.02,2.04,1.98,1.99
1696143600,1.99,2.03,1.96,1.971
1696230000,1.971,2,1.791,1.865
1696316400,1.865,1.97,1.824,1.92
1696402800,1.92,2.039,1.92,1.999
1696748400,1.999,2.019,1.78,1.912
1696834800,1.908,1.934,1.89,1.896
1696921200,1.896,1.93,1.89,1.901
1697007600,1.901,1.927,1.89,1.892
1697094000,1.892,1.915,1.87,1.872
1697353200,1.872,1.955,1.872,1.903
1697439600,1.903,1.926,1.885,1.895
1697526000,1.895,1.969,1.894,1.951
1697612400,1.951,1.989,1.951,1.959
1697698800,1.959,2.158,1.959,2.092
1697958000,2.09,2.14,2.08,2.1
1698044400,2.1,2.21,2.1,2.17
1698130800,2.17,2.2,2.11,2.12
1698217200,2.12,2.33,2.12,2.3
1698303600,2.3,2.33,2.23,2.24
1698566400,2.24,2.35,2.24,2.32
1698652800,2.32,2.49,2.32,2.33
1698739200,2.33,2.39,2.28,2.37
1698825600,2.37,2.46,2.31,2.44
1698912000,2.44,2.6,2.44,2.53
1699171200,2.53,2.59,2.51,2.53
1699257600,2.53,2.55,2.44,2.45
1699344000,2.45,2.52,2.41,2.45
1699430400,2.45,2.58,2.45,2.49
1699516800,2.49,2.52,2.3,2.39
1699776000,2.39,2.4,2.32,2.32
1699862400,2.32,2.48,2.29,2.48
1699948800,2.48,2.53,2.4,2.44
1700035200,2.44,2.47,2.37,2.41
1700121600,2.41,2.47,2.39,2.43
1700380800,2.43,2.5,2.43,2.5
1700467200,2.5,2.59,2.49,2.53
1700553600,2.53,2.63,2.49,2.6
1700640000,2.6,2.69,2.6,2.64
1700726400,2.64,2.71,2.62,2.62
1700985600,2.62,2.68,2.61,2.64
1701072000,2.64,2.67,2.62,2.67
1701158400,2.67,2.92,2.67,2.78
1701244800,2.78,2.87,2.74,2.75
1701331200,2.75,2.78,2.68,2.7
1701590400,2.7,3.24,2.69,3.12
1701676800,3.12,3.33,3.09,3.2
1701763200,3.2,3.43,3.12,3.35
1701849600,3.35,3.7,3.35,3.38
1701936000,3.38,3.45,3.16,3.45
1702195200,3.45,3.5,3.15,3.18
1702281600,3.18,3.34,3.07,3.19
1702368000,3.19,3.28,3.07,3.09
1702454400,3.09,3.42,3.09,3.34
1702540800,3.34,3.42,3.2,3.28
1702800000,3.28,3.4,3.23,3.31
1702886400,3.31,3.37,3.23,3.25
1702972800,3.25,3.34,3.19,3.21
1703059200,3.21,3.24,3.17,3.18
1703145600,3.18,3.22,3.04,3.1
1703404800,3.1,3.17,2.99,2.99
1703491200,2.99,3.05,2.9,2.99
1703577600,2.99,3.11,2.99,3.06
1703664000,3.06,3.25,3.06,3.14
1703750400,3.14,3.21,3.13,3.16
1704009600,3.16,3.2,3.13,3.14
1704182400,3.14,3.26,3.13,3.24
1704268800,3.24,3.29,3.24,3.26
1704355200,3.26,3.4,3.26,3.35
1704700800,3.35,3.37,3.31,3.33
1704787200,3.33,3.41,3.33,3.38
1704873600,3.38,3.41,3.31,3.31
1704960000,3.31,3.35,3.24,3.28
1705219200,3.28,3.32,3.27,3.3
1705305600,3.3,3.34,3.27,3.28
1705392000,3.28,3.35,3.27,3.35
1705478400,3.35,3.6,3.35,3.44
1705564800,3.44,3.5,3.38,3.4
1705824000,3.4,3.53,3.37,3.44
1705910400,3.44,3.49,3.36,3.37
1705996800,3.37,3.38,3.27,3.28
1706083200,3.28,3.34,3.21,3.26
1706428800,3.26,3.3,3.17,3.23
1706515200,3.23,3.3,3.16,3.18
1706601600,3.18,3.27,3.17,3.22
1706688000,3.22,3.36,2.83,2.89
1706774400,2.89,3.02,2.51,3
1707033600,3,3.34,2.95,3.33
1707120000,3.33,3.52,3.3,3.46
1707206400,3.46,3.49,3.33,3.42
1707292800,3.42,3.42,3.24,3.25
1707379200,3.25,3.52,3.23,3.43
1707638400,3.43,3.52,3.33,3.39
1707724800,3.39,3.46,3.33,3.41
1707811200,3.41,4.08,3.4,3.81
1707897600,3.81,3.9,3.8,3.82
1707984000,3.82,4.15,3.73,4.05